{"cameraMode":{"drawMode":0,"name":"Shaded","section":"Shading Mode"},"sceneLighting":true,"audioPlay":false,"sceneViewState":{"m_AlwaysRefresh":false,"showFog":true,"showSkybox":true,"showFlares":true,"showImageEffects":true,"showParticleSystems":true,"showVisualEffectGraphs":true,"m_FxEnabled":true},"in2DMode":false,"pivot":{"x":1.4132381677627564,"y":-3.703437566757202,"z":-16.60428237915039},"rotation":{"x":0.22336183488368989,"y":-0.020166190341114999,"z":0.004622080363333225,"w":0.9745233654975891},"size":9.477924346923829,"orthographic":false}